{
    "code_0": {
        "spec_0": 0.10160821887202964,
        "spec_1": 0.6388002239222692,
        "spec_2": 0.24827093715714332,
        "spec_3": 0.8232784491604749,
        "spec_4": 0.7320680713512269
    },
    "code_1": {
        "spec_0": 0.32500773625767987,
        "spec_1": 0.8376693839127654,
        "spec_2": 0.06633247136658471,
        "spec_3": 0.9065709377665968,
        "spec_4": 0.6660290995905597
    },
    "code_2": {
        "spec_0": 0.13435829395532306,
        "spec_1": 0.9607971211005646,
        "spec_2": 0.483215816453627,
        "spec_3": 0.31023032195740474,
        "spec_4": 0.5983319501644789
    },
    "code_3": {
        "spec_0": 0.6360795440341062,
        "spec_1": 0.19084066191865967,
        "spec_2": 0.7200623490473773,
        "spec_3": 0.05970076890178777,
        "spec_4": 0.056915485506557006
    },
    "code_4": {
        "spec_0": 0.8545318356371501,
        "spec_1": 0.37352055945910223,
        "spec_2": 0.7028515517826427,
        "spec_3": 0.4591886470008756,
        "spec_4": 0.6341926329623815
    }
}