{
    "code_0": {
        "testcase_0": 0.9661999487369979,
        "testcase_1": 0.381048760476283,
        "testcase_2": 0.6613951368980463,
        "testcase_3": 0.9227721241249455,
        "testcase_4": 0.5362013348313165
    },
    "code_1": {
        "testcase_0": 0.6957207575283562,
        "testcase_1": 0.9130236164951996,
        "testcase_2": 0.9420682921716874,
        "testcase_3": 0.2552591860386081,
        "testcase_4": 0.9532033932035661
    },
    "code_2": {
        "testcase_0": 0.133685974801104,
        "testcase_1": 0.28902747039964893,
        "testcase_2": 0.5395206831365095,
        "testcase_3": 0.7577108834280915,
        "testcase_4": 0.8420969823020792
    },
    "code_3": {
        "testcase_0": 0.8779739860959285,
        "testcase_1": 0.31364953927367656,
        "testcase_2": 0.976667127259197,
        "testcase_3": 0.3303254027324636,
        "testcase_4": 0.9146601894618817
    },
    "code_4": {
        "testcase_0": 0.2319037949006657,
        "testcase_1": 0.34550012011378284,
        "testcase_2": 0.7478496675485306,
        "testcase_3": 0.36142636113275073,
        "testcase_4": 0.7019015051216015
    }
}