{
    "spec_0": {
        "testcase_0": 0.8441412799503495,
        "testcase_1": 0.45165637855795715,
        "testcase_2": 0.5331774332020128,
        "testcase_3": 0.06839107625798524,
        "testcase_4": 0.42060758748827687
    },
    "spec_1": {
        "testcase_0": 0.7164776334408811,
        "testcase_1": 0.9614523739321625,
        "testcase_2": 0.6228969973835505,
        "testcase_3": 0.520086258710285,
        "testcase_4": 0.5644458260416791
    },
    "spec_2": {
        "testcase_0": 0.7253692619204912,
        "testcase_1": 0.9076353645471669,
        "testcase_2": 0.33178067022115554,
        "testcase_3": 0.4094436907180863,
        "testcase_4": 0.2437677658400107
    },
    "spec_3": {
        "testcase_0": 0.5481103449497858,
        "testcase_1": 0.45801908693707005,
        "testcase_2": 0.5591942322506588,
        "testcase_3": 0.6415205522046613,
        "testcase_4": 0.49136822699165206
    },
    "spec_4": {
        "testcase_0": 0.5091746174764329,
        "testcase_1": 0.40639205792456146,
        "testcase_2": 0.9047674141082771,
        "testcase_3": 0.8689270664042111,
        "testcase_4": 0.06495029769071192
    }
}